{
	"frames": {
		"staying": {
			"frame": {
				"x": 0,
				"y": 128,
				"w": 64,
				"h": 64
			},
			"rotated": false,
			"trimmed": false,
			"spriteSourceSize": {
				"x": 0,
				"y": 0,
				"w": 128,
				"h": 128
			},
			"sourceSize": {
				"w": 128,
				"h": 128
			}
		},
		"left_staying": {
			"frame": {
				"x": 0,
				"y": 64,
				"w": 64,
				"h": 64
			},
			"rotated": false,
			"trimmed": false,
			"spriteSourceSize": {
				"x": 0,
				"y": 0,
				"w": 128,
				"h": 128
			},
			"sourceSize": {
				"w": 128,
				"h": 128
			}
		},
		"RunRight03.png": {
			"frame": {
				"x": 1,
				"y": 131,
				"w": 128,
				"h": 128
			},
			"rotated": false,
			"trimmed": false,
			"spriteSourceSize": {
				"x": 0,
				"y": 0,
				"w": 128,
				"h": 128
			},
			"sourceSize": {
				"w": 128,
				"h": 128
			}
		},
		"RunRight04.png": {
			"frame": {
				"x": 131,
				"y": 131,
				"w": 64,
				"h": 64
			},
			"rotated": false,
			"trimmed": false,
			"spriteSourceSize": {
				"x": 0,
				"y": 0,
				"w": 128,
				"h": 128
			},
			"sourceSize": {
				"w": 64,
				"h": 64
			}
		}
	},
	"animations":{
		"up":	{"frame":{"x":0,"y":0,"w":64,"h":64},"speed":20},
		"left":	{"frame":{"x":0,"y":64,"w":64,"h":64},"speed":20},
		"down":	{"frame":{"x":0,"y":128,"w":64,"h":64},"speed":20},
		"right":{"frame":{"x":0,"y":192,"w":64,"h":64},"speed":20}
	},		
	"meta": {
		"app": "http://www.codeandweb.com/texturepacker",
		"version": "1.0",
		"image": "test.png",
		"format": "RGBA8888",
		"size": {
			"w": 260,
			"h": 260
		},
		"scale": "1"
	}
}